from	to	weight
5087100.0	965051.0	0.0006194086901113018
4932091.0	5087100.0	0.0006194086901113018
5043552.0	965051.0	0.0006201930294212815
4932091.0	5043552.0	0.0006201930294212815
4106228.0	3859027.0	0.001056284719546905
4091019.0	4106228.0	0.001056284719546905
2825806.0	3859027.0	0.001056284719546905
4091019.0	2825806.0	0.001056284719546905
5701.0	3859027.0	0.0005281418367710242
4091019.0	5701.0	0.0005281418367710242
3797570.0	3859027.0	0.001056284719546905
4091019.0	3797570.0	0.001056284719546905
2676399.0	44853.0	0.0004939378765325986
3123545.0	2676399.0	0.0004939378765325986
1545088.0	44853.0	0.0004939378765325986
3123545.0	1545088.0	0.0004939378765325986
7804896.0	4830296.0	0.0013511714072508207
7971387.0	7804896.0	0.0013511714072508207
2319844.0	1447509.0	0.0013937625346158954
5673416.0	2319844.0	0.0013937625346158954
6429699.0	4452553.0	0.000798306667641055
6028504.0	6429699.0	0.000798306667641055
6060650.0	4452553.0	0.000798306667641055
6028504.0	6060650.0	0.000798306667641055
58186.0	157247.0	0.0010450936957424374
989185.0	58186.0	0.0010450936957424374
5269827.0	1491895.0	0.0026397915515057055
5455057.0	5269827.0	0.0026397915515057055
4593347.0	3858806.0	1.0251116126314477e-08
7831719.0	4593347.0	1.0251116126314477e-08
3732075.0	3858806.0	1.0462093382379231e-08
7831719.0	3732075.0	1.0462093382379231e-08
3813825.0	3066972.0	0.0010323675869733835
3952775.0	3813825.0	0.0010323675869733835
3310749.0	3066972.0	0.0010323675869733835
3952775.0	3310749.0	0.0010323675869733835
118068.0	3066972.0	0.0005161842005562034
3952775.0	118068.0	0.0005161842005562034
2790092.0	574632.0	0.0006970868045754681
1904141.0	2790092.0	0.0006970868045754681
1059101.0	574632.0	5.871604867786241e-09
1904141.0	1059101.0	5.871604867786241e-09
4354201.0	574632.0	0.0006970868045754681
1904141.0	4354201.0	0.0006970868045754681
2856088.0	574632.0	0.0006970868045754681
1904141.0	2856088.0	0.0006970868045754681
944867.0	965051.0	0.0011734648304141436
1847373.0	944867.0	0.0011734648304141436
1862514.0	2847956.0	0.0005656982806921322
4303068.0	1862514.0	0.0005656982806921322
2628903.0	2847956.0	0.0005656999066940577
4303068.0	2628903.0	0.0005656999066940577
1194545.0	1023618.0	0.0013120393944955227
1772824.0	1194545.0	0.0013120393944955227
1483303.0	1023618.0	0.0008746931023396619
1772824.0	1483303.0	0.0008746931023396619
2807302.0	1884503.0	0.0004439190243437135
2838500.0	2807302.0	0.0004439190243437135
1117368.0	1270865.0	0.0007764459041021649
6395838.0	1117368.0	0.0007764459041021649
2029048.0	992666.0	2.134332745696438e-09
2838500.0	2029048.0	2.134332745696438e-09
991275.0	992666.0	1.375204842363198e-09
2838500.0	991275.0	1.375204842363198e-09
2758150.0	992666.0	2.7042538216863997e-09
2838500.0	2758150.0	2.7042538216863997e-09
2078030.0	992666.0	2.429676642821607e-09
2838500.0	2078030.0	2.429676642821607e-09
2905625.0	992666.0	2.459672485491133e-09
2838500.0	2905625.0	2.459672485491133e-09
2346427.0	992666.0	2.5012051841038878e-09
2838500.0	2346427.0	2.5012051841038878e-09
709329.0	992666.0	2.8703843877502314e-09
2838500.0	709329.0	2.8703843877502314e-09
4863202.0	519413.0	0.0017874085906963804
1898904.0	4863202.0	0.0017874085906963804
201078.0	519413.0	0.001191605550462057
1898904.0	201078.0	0.001191605550462057
1633186.0	519413.0	0.0005958028635654601
1898904.0	1633186.0	0.0005958028635654601
1011527.0	519413.0	0.0005958040057487694
1898904.0	1011527.0	0.0005958040057487694
1550807.0	1248114.0	0.00037163577878382154
1261800.0	1550807.0	0.00037163577878382154
90678.0	1386886.0	0.00032727773342623305
398431.0	90678.0	0.00032727773342623305
200976.0	1386886.0	0.0009818320684287162
398431.0	200976.0	0.0009818320684287162
1312107.0	1428679.0	0.0007515190510542897
1482542.0	1312107.0	0.0007515190510542897
1469954.0	1428679.0	5.5562930016510303e-11
1482542.0	1469954.0	5.5562930016510303e-11
907927.0	1253312.0	0.0013197672052433006
864385.0	907927.0	0.0013197672052433006
1518924.0	1875256.0	0.0004688555718664981
1525221.0	1518924.0	0.0004688555718664981
3231139.0	1875256.0	0.0009377204153540077
1525221.0	3231139.0	0.0009377204153540077
2369807.0	295783.0	0.0021448986862524404
5468958.0	2369807.0	0.0021448986862524404
2438423.0	689579.0	0.0008968433833133178
2933979.0	2438423.0	0.0008968433833133178
5542214.0	2611451.0	0.0007296078607882839
5476612.0	5542214.0	0.0007296078607882839
4679611.0	2611451.0	0.0007296078607882839
5476612.0	4679611.0	0.0007296078607882839
5066707.0	2611451.0	0.0007296078607882839
5476612.0	5066707.0	0.0007296078607882839
2253302.0	2611451.0	0.0007296078607882839
5476612.0	2253302.0	0.0007296078607882839
2207559.0	9645594.0	0.008924271622380492
11428688.0	2207559.0	0.008924271622380492
6371914.0	412507.0	0.0031098768973149993
6411417.0	6371914.0	0.0031098768973149993
3402854.0	412507.0	0.0031098768973149993
6411417.0	3402854.0	0.0031098768973149993
1491895.0	412507.0	0.0031098768973149993
6411417.0	1491895.0	0.0031098768973149993
1868805.0	19068.0	0.0005171376707799035
1117987.0	1868805.0	0.0005171376707799035
8929645.0	1842959.0	0.0005814290950891576
2801144.0	8929645.0	0.0005814290950891576
3655408.0	1842959.0	0.0005814290950891576
2801144.0	3655408.0	0.0005814290950891576
440764.0	34397.0	0.0003124531786241235
398431.0	440764.0	0.0003124531786241235
522511.0	2082141.0	0.0021348221255281076
5879512.0	522511.0	0.0021348221255281076
118068.0	2082141.0	0.002134822113806223
5879512.0	118068.0	0.002134822113806223
3794803.0	2082141.0	0.0007116068594136653
5879512.0	3794803.0	0.0007116068594136653
1353011.0	4255447.0	0.0006865798462230594
3518350.0	1353011.0	0.0006865798462230594
6385825.0	973578.0	0.013895074996171862
2475928.0	6385825.0	0.013895074996171862
7193616.0	973578.0	0.013895074996171862
2475928.0	7193616.0	0.013895074996171862
2670571.0	973578.0	0.013895074996171862
2475928.0	2670571.0	0.013895074996171862
7347451.0	973578.0	0.012038338341518092
2475928.0	7347451.0	0.012038338341518092
4084932.0	973578.0	0.01336063917374295
2475928.0	4084932.0	0.01336063917374295
1714715.0	973578.0	0.011757365954058886
2475928.0	1714715.0	0.011757365954058886
4181566.0	973578.0	0.012826222617204808
2475928.0	4181566.0	0.012826222617204808
2674716.0	3171256.0	0.0014296592447846214
2013910.0	2674716.0	0.0014296592447846214
1410567.0	3171256.0	0.0014296592447846214
2013910.0	1410567.0	0.0014296592447846214
2862991.0	3171256.0	0.0014296592447846214
2013910.0	2862991.0	0.0014296592447846214
1545292.0	3171256.0	0.0014296592447846214
2013910.0	1545292.0	0.0014296592447846214
3411338.0	3171256.0	0.0009531061001056172
2013910.0	3411338.0	0.0009531061001056172
1175966.0	568785.0	0.00036603471868224897
1449915.0	1175966.0	0.00036603471868224897
2295549.0	6700127.0	3.4315478715952336e-09
6773255.0	2295549.0	3.4315478715952336e-09
4918811.0	6700127.0	0.0008535040192650334
6773255.0	4918811.0	0.0008535040192650334
3386635.0	1491895.0	0.0015034080935000904
4495602.0	3386635.0	0.0015034080935000904
3840799.0	1491895.0	0.0015034080935000904
4495602.0	3840799.0	0.0015034080935000904
6803781.0	3753686.0	0.000978745235818543
6803781.0	6803781.0	0.000978745235818543
2815635.0	3753686.0	0.000978745235818543
6803781.0	2815635.0	0.000978745235818543
3093731.0	1026459.0	0.0004911548303959301
1945540.0	3093731.0	0.0004911548303959301
2310830.0	5336818.0	0.0006580814519978246
5273255.0	2310830.0	0.0006580814519978246
5367228.0	5336818.0	0.0006580844042979554
5273255.0	5367228.0	0.0006580844042979554
2826778.0	2853243.0	0.002367196398949307
2826778.0	2826778.0	0.002367196398949307
804867.0	2853243.0	0.000591908891285153
2826778.0	804867.0	0.000591908891285153
2911621.0	2853243.0	0.0005919227282639022
2826778.0	2911621.0	0.0005919227282639022
1586174.0	7685472.0	2.2411820426847945e-09
6828186.0	1586174.0	2.2411820426847945e-09
693275.0	7685472.0	7.789245905828052e-09
6828186.0	693275.0	7.789245905828052e-09
4973275.0	3858806.0	0.0021449847377838396
5468958.0	4973275.0	0.0021449847377838396
5180509.0	3858806.0	1.2780435511977606e-09
5468958.0	5180509.0	1.2780435511977606e-09
2809325.0	3858806.0	0.0021449847377838396
5468958.0	2809325.0	0.0021449847377838396
1980906.0	1059101.0	0.0008099462192157671
1980906.0	1980906.0	0.0008099462192157671
1353011.0	1059101.0	2.4296547770658733e-10
1980906.0	1353011.0	2.4296547770658733e-10
1879822.0	1491895.0	0.00043516600070697735
1214293.0	1879822.0	0.00043516600070697735
2956874.0	3558931.0	0.001532577572512222
3882672.0	2956874.0	0.001532577572512222
452074.0	114251.0	0.001126168841811467
1996152.0	452074.0	0.001126168841811467
4494979.0	114251.0	0.0016892527085895766
1996152.0	4494979.0	0.0016892527085895766
4237824.0	114251.0	0.001126168841811467
1996152.0	4237824.0	0.001126168841811467
2293686.0	965051.0	0.0005584004869590621
2441157.0	2293686.0	0.0005584004869590621
4871242.0	3984553.0	0.0013971240414250882
2040496.0	4871242.0	0.0013971240414250882
1059101.0	3984553.0	2.202726696789309e-10
2040496.0	1059101.0	2.202726696789309e-10
3109830.0	2373138.0	0.00044779674958313984
2278691.0	3109830.0	0.00044779674958313984
676835.0	2373138.0	0.00044779674958313984
2278691.0	676835.0	0.00044779674958313984
3465521.0	3358027.0	0.000653429610796811
3465521.0	3465521.0	0.000653429610796811
3125425.0	3358027.0	0.000653429610796811
3465521.0	3125425.0	0.000653429610796811
2649661.0	3358027.0	1.1860282742894024e-10
3465521.0	2649661.0	1.1860282742894024e-10
5278878.0	4258081.0	1.99867215388682e-09
5522659.0	5278878.0	1.99867215388682e-09
5550789.0	4258081.0	2.224836940655124e-09
5522659.0	5550789.0	2.224836940655124e-09
4467333.0	4258081.0	2.71924315540812e-09
5522659.0	4467333.0	2.71924315540812e-09
1652183.0	2633591.0	0.0005192847768315055
3463075.0	1652183.0	0.0005192847768315055
3977527.0	2633591.0	0.0005192847768315055
3463075.0	3977527.0	0.0005192847768315055
3696399.0	2633591.0	0.0005192847768315055
3463075.0	3696399.0	0.0005192847768315055
3745183.0	2633591.0	0.0005192847768315055
3463075.0	3745183.0	0.0005192847768315055
3989136.0	2633591.0	0.0005192847768315055
3463075.0	3989136.0	0.0005192847768315055
2745584.0	2633591.0	0.0005192847768315055
3463075.0	2745584.0	0.0005192847768315055
2780033.0	2487009.0	0.0009325817002927622
2633817.0	2780033.0	0.0009325817002927622
1007409.0	544109.0	0.0006477171934819266
613860.0	1007409.0	0.0006477171934819266
260028.0	544109.0	9.565830764220878e-10
613860.0	260028.0	9.565830764220878e-10
517066.0	544109.0	0.00032385946834732714
613860.0	517066.0	0.00032385946834732714
1554899.0	19068.0	0.0005469594063184433
3873526.0	1554899.0	0.0005469594063184433
7467283.0	4183947.0	0.0010732493986015297
8046645.0	7467283.0	0.0010732493986015297
418965.0	1545088.0	0.0018990733265669712
5177786.0	418965.0	0.0018990733265669712
3703534.0	6714544.0	0.007659367368087474
2826194.0	3703534.0	0.007659367368087474
1809895.0	6714544.0	0.008671259042162465
2826194.0	1809895.0	0.008671259042162465
2934788.0	6714544.0	0.007733082690737007
2826194.0	2934788.0	0.007733082690737007
1512940.0	6714544.0	0.008671259042162465
2826194.0	1512940.0	0.008671259042162465
1534638.0	6714544.0	0.008671259042162465
2826194.0	1534638.0	0.008671259042162465
2940893.0	2472111.0	0.00044828560836725716
779158.0	2940893.0	0.00044828560836725716
1992649.0	2472111.0	0.0008965999307208538
779158.0	1992649.0	0.0008965999307208538
2806497.0	2472111.0	0.0008965999307208538
779158.0	2806497.0	0.0008965999307208538
4765115.0	1173776.0	0.000587571794811785
4086533.0	4765115.0	0.000587571794811785
591626.0	1206267.0	0.0006202413402565934
148225.0	591626.0	0.0006202413402565934
1529853.0	4733666.0	0.0011664946055826662
4316681.0	1529853.0	0.0011664946055826662
4719957.0	4733666.0	0.0017497794492284846
4316681.0	4719957.0	0.0017497794492284846
1910447.0	19068.0	0.0018245578380220587
935573.0	1910447.0	0.0018245578380220587
1697320.0	19068.0	0.0009122788708482476
935573.0	1697320.0	0.0009122788708482476
7727843.0	8075342.0	1.0646542588721788e-08
8075749.0	7727843.0	1.0646542588721788e-08
8075749.0	8075342.0	0.0010797539677432507
8075749.0	8075749.0	0.0010797539677432507
1094246.0	8075342.0	0.0010797539677432507
8075749.0	1094246.0	0.0010797539677432507
3385827.0	8075342.0	1.8378310736319806e-08
8075749.0	3385827.0	1.8378310736319806e-08
3007335.0	19068.0	0.0009922414996939447
2141665.0	3007335.0	0.0009922414996939447
1295146.0	19068.0	0.0009922414996939447
2141665.0	1295146.0	0.0009922414996939447
2345960.0	34397.0	0.0012990128149429527
2078412.0	2345960.0	0.0012990128149429527
5043552.0	4373584.0	0.0006341949935377679
4589398.0	5043552.0	0.0006341949935377679
4007898.0	1719752.0	0.0007343640958362437
2906838.0	4007898.0	0.0007343640958362437
2106563.0	4281779.0	0.001489861649716349
4526506.0	2106563.0	0.001489861649716349
1859698.0	4281779.0	0.001489861649716349
4526506.0	1859698.0	0.001489861649716349
764846.0	328193.0	0.00033116560433570904
855640.0	764846.0	0.00033116560433570904
285587.0	328193.0	2.9702443092973277e-10
855640.0	285587.0	2.9702443092973277e-10
864620.0	212107.0	2.9031505574105693e-10
2459296.0	864620.0	2.9031505574105693e-10
1573683.0	212107.0	6.2338922251267e-10
2459296.0	1573683.0	6.2338922251267e-10
1799096.0	212107.0	7.359141651099022e-10
2459296.0	1799096.0	7.359141651099022e-10
783488.0	773228.0	0.0008778719893617511
2762883.0	783488.0	0.0008778719893617511
1275039.0	773228.0	0.0008778719893617511
2762883.0	1275039.0	0.0008778719893617511
1686706.0	773228.0	8.339880731541086e-10
2762883.0	1686706.0	8.339880731541086e-10
7450125.0	1441822.0	0.0011456326536872247
8259605.0	7450125.0	0.0011456326536872247
7772070.0	1441822.0	0.0011456326536872247
8259605.0	7772070.0	0.0011456326536872247
3326275.0	519413.0	1.752753708231941e-10
560612.0	3326275.0	1.752753708231941e-10
7087089.0	4248328.0	0.002681382750473988
2877123.0	7087089.0	0.002681382750473988
341629.0	1293958.0	0.0005789800343056865
4687212.0	341629.0	0.0005789800343056865
1447509.0	1293958.0	0.0005789800343056865
4687212.0	1447509.0	0.0005789800343056865
157247.0	11222004.0	2.2483568672387183e-07
7846716.0	157247.0	2.2483568672387183e-07
2894108.0	1716714.0	1.999214989067651e-05
1897974.0	2894108.0	1.999214989067651e-05
2513523.0	1716714.0	1.9988681276512607e-05
1897974.0	2513523.0	1.9988681276512607e-05
1415168.0	1716714.0	1.9997643145418112e-05
1897974.0	1415168.0	1.9997643145418112e-05
285587.0	396373.0	0.0009431923069274448
636065.0	285587.0	0.0009431923069274448
3011784.0	1447509.0	0.0009166281622659223
3011784.0	3011784.0	0.0009166281622659223
3702602.0	2333214.0	0.0004965801868463551
3702602.0	3702602.0	0.0004965801868463551
218432.0	2333214.0	2.654286199469877e-10
3702602.0	218432.0	2.654286199469877e-10
1875256.0	2333214.0	4.2811053703809e-10
3702602.0	1875256.0	4.2811053703809e-10
1044234.0	1520278.0	0.00037165869355221736
1482542.0	1044234.0	0.00037165869355221736
4546390.0	3558931.0	0.0006620425763263291
1474682.0	4546390.0	0.0006620425763263291
1241793.0	3558931.0	7.304998154772022e-10
1474682.0	1241793.0	7.304998154772022e-10
1407478.0	519413.0	0.001343758491324551
1391264.0	1407478.0	0.001343758491324551
615746.0	1353011.0	0.0023033407450520323
4509083.0	615746.0	0.0023033407450520323
783488.0	284698.0	0.0008722425932261889
2103538.0	783488.0	0.0008722425932261889
160527.0	284698.0	0.0008722425932261889
2103538.0	160527.0	0.0008722425932261889
1215921.0	582278.0	0.00046435286714712495
2725744.0	1215921.0	0.00046435286714712495
1317805.0	582278.0	0.00046435286714712495
2725744.0	1317805.0	0.00046435286714712495
3923521.0	2801559.0	0.0006633629005313916
4820452.0	3923521.0	0.0006633629005313916
780498.0	1517551.0	0.0003814181739990525
1492684.0	780498.0	0.0003814181739990525
1679187.0	1517551.0	6.735176923556435e-12
1492684.0	1679187.0	6.735176923556435e-12
1465324.0	1517551.0	0.0003814181739990525
1492684.0	1465324.0	0.0003814181739990525
7450125.0	2840750.0	1.4714833071645395e-09
7671482.0	7450125.0	1.4714833071645395e-09
4057622.0	2840750.0	0.0011755499206460385
7671482.0	4057622.0	0.0011755499206460385
519413.0	2840750.0	1.951314422109912e-09
7671482.0	519413.0	1.951314422109912e-09
4248328.0	6414657.0	0.0016005942240941648
6266853.0	4248328.0	0.0016005942240941648
5935182.0	6876418.0	0.001074111509050184
8050863.0	5935182.0	0.001074111509050184
4395287.0	6876418.0	0.001074111509050184
8050863.0	4395287.0	0.001074111509050184
8684182.0	2683013.0	0.1133216804763705
5269101.0	8684182.0	0.1133216804763705
7336232.0	2683013.0	0.0640415103243168
5269101.0	7336232.0	0.0640415103243168
1758300.0	2683013.0	0.1315889267832096
5269101.0	1758300.0	0.1315889267832096
3179824.0	2683013.0	0.13060090006338884
5269101.0	3179824.0	0.13060090006338884
3525315.0	2683013.0	0.08416846595071165
5269101.0	3525315.0	0.08416846595071165
2792053.0	402022.0	0.024274259990129336
3111785.0	2792053.0	0.024274259990129336
1959207.0	402022.0	0.024274260652919932
3111785.0	1959207.0	0.024274260652919932
19068.0	402022.0	0.024274262269829604
3111785.0	19068.0	0.024274262269829604
2026065.0	2780033.0	0.00045759327961070856
2547576.0	2026065.0	0.00045759327961070856
2567446.0	19068.0	0.0008555525828047431
1993983.0	2567446.0	0.0008555525828047431
5717193.0	3415269.0	2.940828288354458e-10
5661795.0	5717193.0	2.940828288354458e-10
3469112.0	1023618.0	0.0004894413154588428
2619978.0	3469112.0	0.0004894413154588428
3553165.0	943435.0	0.0007125664899623699
5816509.0	3553165.0	0.0007125664899623699
2310830.0	943435.0	1.3545645981185434e-08
5816509.0	2310830.0	1.3545645981185434e-08
114251.0	2834984.0	2.968612389329245e-10
3009875.0	114251.0	2.968612389329245e-10
1906356.0	3083093.0	0.0007436885261626866
1078536.0	1906356.0	0.0007436885261626866
1496715.0	3083093.0	3.200650381665268e-10
1078536.0	1496715.0	3.200650381665268e-10
2232273.0	1059101.0	2.2912095967242765e-09
4065323.0	2232273.0	2.2912095967242765e-09
2504564.0	1059101.0	1.970813920588489e-09
4065323.0	2504564.0	1.970813920588489e-09
3963270.0	1059101.0	2.3247393558800677e-09
4065323.0	3963270.0	2.3247393558800677e-09
661872.0	1175966.0	0.0004006461759446915
1848708.0	661872.0	0.0004006461759446915
2031077.0	2838987.0	0.0009022645300010383
2838500.0	2031077.0	0.0009022645300010383
2641232.0	5168739.0	1.0147221011147164e-08
6067789.0	2641232.0	1.0147221011147164e-08
3959018.0	5168739.0	0.0007338491163171527
6067789.0	3959018.0	0.0007338491163171527
1059101.0	5168739.0	0.0007338475518506027
6067789.0	1059101.0	0.0007338475518506027
2666779.0	678801.0	0.0013205277413268005
1455182.0	2666779.0	0.0013205277413268005
1059101.0	678801.0	0.0008803517356073358
1455182.0	1059101.0	0.0008803517356073358
560161.0	2080056.0	0.009126933045450076
8863398.0	560161.0	0.009126933045450076
11945202.0	2080056.0	0.009126933045450076
8863398.0	11945202.0	0.009126933045450076
295783.0	2080056.0	0.009126933045450076
8863398.0	295783.0	0.009126933045450076
1496715.0	5506010.0	2.98015927452204e-09
5015813.0	1496715.0	2.98015927452204e-09
5066707.0	4127669.0	0.0007905109715269363
6395838.0	5066707.0	0.0007905109715269363
1495124.0	863470.0	0.00037500730195815847
1462466.0	1495124.0	0.00037500730195815847
1548863.0	863470.0	0.00037500730195815847
1462466.0	1548863.0	0.00037500730195815847
1550807.0	863470.0	6.575765380887992e-10
1462466.0	1550807.0	6.575765380887992e-10
7505730.0	3980476.0	0.001046298442517579
6787580.0	7505730.0	0.001046298442517579
1566232.0	1469954.0	1.59162628011111e-08
1482542.0	1566232.0	1.59162628011111e-08
1365088.0	1469954.0	0.0003727836446693565
1482542.0	1365088.0	0.0003727836446693565
1136593.0	235710.0	0.00046281163666036206
1329201.0	1136593.0	0.00046281163666036206
805176.0	114251.0	0.0009281455932249798
2505027.0	805176.0	0.0009281455932249798
1335165.0	114251.0	0.0009281491602449929
2505027.0	1335165.0	0.0009281491602449929
2310289.0	114251.0	0.0013922241441777377
2505027.0	2310289.0	0.0013922241441777377
5150781.0	689579.0	0.0007028159693688055
5027061.0	5150781.0	0.0007028159693688055
2932244.0	689579.0	1.7894218301128112e-09
5027061.0	2932244.0	1.7894218301128112e-09
3739551.0	689579.0	0.0007028159693688055
5027061.0	3739551.0	0.0007028159693688055
216408.0	15609.0	0.0006318688754960374
216408.0	216408.0	0.0006318688754960374
701233.0	15609.0	0.0006318688754960374
216408.0	701233.0	0.0006318688754960374
183471.0	15609.0	0.0006318688754960374
216408.0	183471.0	0.0006318688754960374
10546053.0	1353011.0	0.0022115043109338906
3539826.0	10546053.0	0.0022115043109338906
462627.0	2479962.0	0.0006895270322013361
4636110.0	462627.0	0.0006895270322013361
2050002.0	1298762.0	0.0004007163030891779
1848708.0	2050002.0	0.0004007163030891779
201482.0	1298762.0	0.0008014338550896267
1848708.0	201482.0	0.0008014338550896267
3358027.0	1338292.0	0.00048008348181196773
1659450.0	3358027.0	0.00048008348181196773
2207559.0	2572018.0	0.0007938595641589915
5890708.0	2207559.0	0.0007938595641589915
4395287.0	2572018.0	0.0007938595641589915
5890708.0	4395287.0	0.0007938595641589915
6336221.0	2815635.0	0.0012779874865528685
8796071.0	6336221.0	0.0012779874865528685
3730397.0	4128536.0	3.5921499011003916e-09
5027061.0	3730397.0	3.5921499011003916e-09
1197775.0	2472111.0	0.0005234516557433008
3270525.0	1197775.0	0.0005234516557433008
2281770.0	2365628.0	0.00043751875488578205
2363215.0	2281770.0	0.00043751875488578205
1931663.0	2365628.0	0.001312561901051759
2363215.0	1931663.0	0.001312561901051759
1872101.0	1491895.0	0.0018712521925929972
4909783.0	1872101.0	0.0018712521925929972
1099931.0	1668533.0	0.0009387389818298791
2950370.0	1099931.0	0.0009387389818298791
1137947.0	1048479.0	0.0008025320675730076
2048211.0	1137947.0	0.0008025320675730076
965051.0	1048479.0	0.000401265992787455
2048211.0	965051.0	0.000401265992787455
1414562.0	1687983.0	0.0011937116942401388
4357275.0	1414562.0	0.0011937116942401388
3851580.0	1687983.0	0.0017905839437019067
4357275.0	3851580.0	0.0017905839437019067
3044080.0	1687983.0	0.0017905839437019067
4357275.0	3044080.0	0.0017905839437019067
2373022.0	2780033.0	0.0004653012629627399
1576748.0	2373022.0	0.0004653012629627399
1913729.0	1491895.0	0.0006093440851977916
4975513.0	1913729.0	0.0006093440851977916
2459296.0	2518525.0	0.00044096865023187737
2743057.0	2459296.0	0.00044096865023187737
2738734.0	2518525.0	0.00044096865023187737
2743057.0	2738734.0	0.00044096865023187737
5921745.0	1842959.0	0.0027154003146964635
6666188.0	5921745.0	0.0027154003146964635
1906356.0	4327861.0	0.0017025834467266918
6230450.0	1906356.0	0.0017025834467266918
6819297.0	4327861.0	0.002553876210166565
6230450.0	6819297.0	0.002553876210166565
3272852.0	4327861.0	0.0017025834467266918
6230450.0	3272852.0	0.0017025834467266918
2038806.0	4327861.0	0.0017025834467266918
6230450.0	2038806.0	0.0017025834467266918
2649661.0	2662489.0	0.001168048995027359
3210956.0	2649661.0	0.001168048995027359
1154350.0	2487009.0	0.0009728385078245723
2614397.0	1154350.0	0.0009728385078245723
1938889.0	4404344.0	0.0011613025391511952
1535286.0	1938889.0	0.0011613025391511952
3612353.0	4404344.0	0.0011614569264639457
1535286.0	3612353.0	0.0011614569264639457
4733959.0	4404344.0	0.0011615530490970026
1535286.0	4733959.0	0.0011615530490970026
587543.0	4404344.0	0.0023284709448693672
1535286.0	587543.0	0.0023284709448693672
2026043.0	4404344.0	0.0023284709448693672
1535286.0	2026043.0	0.0023284709448693672
2731272.0	3859027.0	0.0010588837873979887
2731272.0	2731272.0	0.0010588837873979887
5126032.0	1059101.0	0.0006502935507370415
5126032.0	5126032.0	0.0006502935507370415
3527537.0	1059101.0	0.0006502935507370415
5126032.0	3527537.0	0.0006502935507370415
30945.0	4281779.0	0.0013677511712743393
7852240.0	30945.0	0.0013677511712743393
3580410.0	295783.0	0.000702858660929381
5800747.0	3580410.0	0.000702858660929381
3993662.0	74757.0	0.0005502690250591745
3910124.0	3993662.0	0.0005502690250591745
4183947.0	7620406.0	1.788206490434957e-10
7620082.0	4183947.0	1.788206490434957e-10
4972832.0	7620406.0	0.0009826655995303169
7620082.0	4972832.0	0.0009826655995303169
2347438.0	7620406.0	0.0009826655995303169
7620082.0	2347438.0	0.0009826655995303169
1798341.0	14104.0	0.0020847307769088722
2107544.0	1798341.0	0.0020847307769088722
295783.0	14104.0	0.001667782285489414
2107544.0	295783.0	0.001667782285489414
956.0	388916.0	0.0006466412311585579
388916.0	956.0	0.0006466412311585579
517066.0	388916.0	0.00032332255506494314
388916.0	517066.0	0.00032332255506494314
5632544.0	328193.0	0.001922769583709233
6936310.0	5632544.0	0.001922769583709233
14104.0	1714715.0	5.080398350273962e-10
2529129.0	14104.0	5.080398350273962e-10
6317081.0	4026582.0	0.0008752663783697198
1802154.0	6317081.0	0.0008752663783697198
1315795.0	4026582.0	0.0008752663783697198
1802154.0	1315795.0	0.0008752663783697198
1501051.0	2285881.0	2.626753725881552e-09
3424886.0	1501051.0	2.626753725881552e-09
3383213.0	2285881.0	1.69298189941873e-10
3424886.0	3383213.0	1.69298189941873e-10
1989820.0	2285881.0	4.391169323232809e-10
3424886.0	1989820.0	4.391169323232809e-10
82548.0	2285881.0	1.227409160474511e-09
3424886.0	82548.0	1.227409160474511e-09
2306509.0	2285881.0	2.2722891475325177e-09
3424886.0	2306509.0	2.2722891475325177e-09
3239837.0	2285881.0	2.322549082418336e-09
3424886.0	3239837.0	2.322549082418336e-09
3373399.0	2285881.0	2.4627477922646926e-09
3424886.0	3373399.0	2.4627477922646926e-09
1571284.0	2285881.0	2.592365394289524e-09
3424886.0	1571284.0	2.592365394289524e-09
2020565.0	111757.0	0.010095288854354099
1758031.0	2020565.0	0.010095288854354099
3011111.0	111757.0	0.011516336286908721
1758031.0	3011111.0	0.011516336286908721
1758031.0	111757.0	0.00983402513497789
1758031.0	1758031.0	0.00983402513497789
593958.0	111757.0	0.012033281793716225
1758031.0	593958.0	0.012033281793716225
2065039.0	1906356.0	6.945777789729712e-09
4428307.0	2065039.0	6.945777789729712e-09
3615504.0	1906356.0	0.0013625397431732038
4428307.0	3615504.0	0.0013625397431732038
3851580.0	519413.0	0.000594992103931176
4311373.0	3851580.0	0.000594992103931176
3117422.0	519413.0	0.0011927733609006237
4311373.0	3117422.0	0.0011927733609006237
2853243.0	519413.0	0.0005963818721844536
4311373.0	2853243.0	0.0005963818721844536
3377868.0	519413.0	0.0011927733609006237
4311373.0	3377868.0	0.0011927733609006237
2500658.0	519413.0	0.0011927733609006237
4311373.0	2500658.0	0.0011927733609006237
986160.0	3993662.0	3.3700885953419357e-09
4174080.0	986160.0	3.3700885953419357e-09
1447509.0	3993662.0	0.0005337691302459331
4174080.0	1447509.0	0.0005337691302459331
1315498.0	3993662.0	0.0005337691302459331
4174080.0	1315498.0	0.0005337691302459331
2861388.0	1779433.0	0.002578137044187028
1802154.0	2861388.0	0.002578137044187028
6918854.0	1779433.0	0.0008629953027006762
1802154.0	6918854.0	0.0008629953027006762
1310540.0	1779433.0	0.004319937145591439
1802154.0	1310540.0	0.004319937145591439
3565885.0	1779433.0	0.004320011396335855
1802154.0	3565885.0	0.004320011396335855
6919661.0	1779433.0	0.005185660877015861
1802154.0	6919661.0	0.005185660877015861
1023618.0	2382134.0	9.583361046893411e-09
3702602.0	1023618.0	9.583361046893411e-09
1928179.0	1324.0	0.0005106770973350595
3882672.0	1928179.0	0.0005106770973350595
2595012.0	5043552.0	0.0035774693087548427
8259605.0	2595012.0	0.0035774693087548427
3385827.0	3055401.0	0.0006651774812602567
4350708.0	3385827.0	0.0006651774812602567
2215486.0	3055401.0	0.0006651774812602567
4350708.0	2215486.0	0.0006651774812602567
1059101.0	3161993.0	5.513471257887273e-09
3304642.0	1059101.0	5.513471257887273e-09
743290.0	3639777.0	0.004902419506028023
10058421.0	743290.0	0.004902419506028023
4723536.0	3639777.0	0.004902419506028023
10058421.0	4723536.0	0.004902419506028023
2438423.0	3639777.0	0.004902419506028023
10058421.0	2438423.0	0.004902419506028023
10383360.0	3639777.0	0.004902419506028023
10058421.0	10383360.0	0.004902419506028023
93169.0	519413.0	0.0007260453111145365
1417075.0	93169.0	0.0007260453111145365
1880380.0	3391783.0	0.0005209749056627693
2787782.0	1880380.0	0.0005209749056627693
982454.0	3391783.0	1.3602120858694292e-09
2787782.0	982454.0	1.3602120858694292e-09
5168153.0	1173776.0	0.0013258915949655222
5464316.0	5168153.0	0.0013258915949655222
3523827.0	1173776.0	0.0013258903640263268
5464316.0	3523827.0	0.0013258903640263268
242098.0	1173776.0	0.0019888206982219933
5464316.0	242098.0	0.0019888206982219933
4364303.0	3385827.0	1.4890242691200511e-09
3721822.0	4364303.0	1.4890242691200511e-09
2595012.0	1583522.0	0.0017114076372009596
9735475.0	2595012.0	0.0017114076372009596
5765887.0	1583522.0	0.0017114076372009596
9735475.0	5765887.0	0.0017114076372009596
1680415.0	1583522.0	0.0017114076372009596
9735475.0	1680415.0	0.0017114076372009596
3603681.0	7820028.0	0.0029056121678002573
7166750.0	3603681.0	0.0029056121678002573
6862608.0	7820028.0	0.002906462647166822
7166750.0	6862608.0	0.002906462647166822
3603681.0	7820028.0	0.002909932081727404
7166750.0	3603681.0	0.002909932081727404
326804.0	4317297.0	0.00109195425958695
2715338.0	326804.0	0.00109195425958695
3391783.0	4317297.0	0.00109195425958695
2715338.0	3391783.0	0.00109195425958695
3816700.0	4891828.0	0.002428431602816263
6626394.0	3816700.0	0.002428431602816263
3681236.0	4891828.0	5.687957450959541e-10
6626394.0	3681236.0	5.687957450959541e-10
2602732.0	4891828.0	7.735620176103214e-10
6626394.0	2602732.0	7.735620176103214e-10
1683134.0	1491895.0	0.0013796980819532356
1849060.0	1683134.0	0.0013796980819532356
9071534.0	8510838.0	0.0013910109640306923
5737181.0	9071534.0	0.0013910109640306923
1906356.0	8510838.0	1.4327311371382413e-06
5737181.0	1906356.0	1.4327311371382413e-06
4807311.0	8510838.0	1.4292894288398927e-06
5737181.0	4807311.0	1.4292894288398927e-06
4984174.0	2295549.0	0.0012341930284674554
4791856.0	4984174.0	0.0012341930284674554
11635033.0	3169577.0	0.0008300160808474239
6537847.0	11635033.0	0.0008300160808474239
5921745.0	3169577.0	0.0008300160808474239
6537847.0	5921745.0	0.0008300160808474239
3185267.0	3169577.0	0.0008300160808474239
6537847.0	3185267.0	0.0008300160808474239
1361404.0	306323.0	0.00048472051872874866
2625902.0	1361404.0	0.00048472051872874866
14104.0	306323.0	0.00048472051872874866
2625902.0	14104.0	0.00048472051872874866
4332216.0	519413.0	0.001462600675263315
6054234.0	4332216.0	0.001462600675263315
5165738.0	519413.0	0.0014626008980975342
6054234.0	5165738.0	0.0014626008980975342
3048405.0	1343690.0	0.0004541704058626056
2837067.0	3048405.0	0.0004541704058626056
1929676.0	1343690.0	0.00045417167603750046
2837067.0	1929676.0	0.00045417167603750046
1947652.0	1343690.0	0.0004541782679400914
2837067.0	1947652.0	0.0004541782679400914
980869.0	1343690.0	0.00045417496365644507
2837067.0	980869.0	0.00045417496365644507
2067159.0	1343690.0	0.0004541774561985638
2837067.0	2067159.0	0.0004541774561985638
41967.0	45433.0	0.0013404537293633377
28324.0	41967.0	0.0013404537293633377
4465.0	45433.0	0.0013404537293633377
28324.0	4465.0	0.0013404537293633377
41967.0	45433.0	0.0013404537293633377
28324.0	41967.0	0.0013404537293633377
150463.0	45433.0	0.0013404537293633377
28324.0	150463.0	0.0013404537293633377
161832.0	45433.0	0.0013404537293633377
28324.0	161832.0	0.0013404537293633377
46460.0	45433.0	0.0013404537293633377
28324.0	46460.0	0.0013404537293633377
1902010.0	45433.0	0.0013404537293633377
28324.0	1902010.0	0.0013404537293633377
591097.0	2236241.0	0.0005181331248679671
1117987.0	591097.0	0.0005181331248679671
3859027.0	2236241.0	0.0005181331248679671
1117987.0	3859027.0	0.0005181331248679671
2586071.0	2236241.0	0.0005181331248679671
1117987.0	2586071.0	0.0005181331248679671
3085310.0	2967572.0	0.0009488492617736882
3373667.0	3085310.0	0.0009488492617736882
2741296.0	2967572.0	0.0004744231720391109
3373667.0	2741296.0	0.0004744231720391109
3033864.0	1414562.0	0.0008404406837010393
1933215.0	3033864.0	0.0008404406837010393
2106799.0	1414562.0	0.0008404406837010393
1933215.0	2106799.0	0.0008404406837010393
2435432.0	1414562.0	0.0008404406837010393
1933215.0	2435432.0	0.0008404406837010393
834018.0	1414562.0	0.0008404406837010393
1933215.0	834018.0	0.0008404406837010393
879197.0	1414562.0	0.0012606608109516772
1933215.0	879197.0	0.0012606608109516772
2645713.0	2217859.0	0.0026504000911565474
2877123.0	2645713.0	0.0026504000911565474
4799536.0	2217859.0	0.0026504000911565474
2877123.0	4799536.0	0.0026504000911565474
2567357.0	6243718.0	0.0007606781933769692
6171527.0	2567357.0	0.0007606781933769692
2628903.0	6243718.0	0.001521343829858059
6171527.0	2628903.0	0.001521343829858059
4346951.0	19068.0	0.0007208852906046661
5912608.0	4346951.0	0.0007208852906046661
1822698.0	415668.0	0.0007837259256086891
6395838.0	1822698.0	0.0007837259256086891
345014.0	1283772.0	0.00037321124295403837
1482542.0	345014.0	0.00037321124295403837
781251.0	2588457.0	0.00229225323807894
3097744.0	781251.0	0.00229225323807894
2602732.0	2588457.0	0.00229225323807894
3097744.0	2602732.0	0.00229225323807894
1734080.0	1175966.0	0.0003821753661122472
997907.0	1734080.0	0.0003821753661122472
2435004.0	965051.0	0.0008408267771749244
2435004.0	2435004.0	0.0008408267771749244
1402929.0	965051.0	0.00042037885249655843
2435004.0	1402929.0	0.00042037885249655843
2422796.0	965051.0	0.0008408267771749244
2435004.0	2422796.0	0.0008408267771749244
201078.0	4420893.0	1.509135835004935e-08
1647390.0	201078.0	1.509135835004935e-08
4701699.0	4420893.0	0.0006217533547232582
1647390.0	4701699.0	0.0006217533547232582
3717181.0	3441954.0	0.0010032499913963135
2102381.0	3717181.0	0.0010032499913963135
1201642.0	3441954.0	0.0010032480750669297
2102381.0	1201642.0	0.0010032480750669297
1011527.0	3441954.0	0.0010032489837225045
2102381.0	1011527.0	0.0010032489837225045
1842959.0	4488327.0	1.200720924055508e-09
4993010.0	1842959.0	1.200720924055508e-09
5204417.0	2313477.0	0.000654020274907256
3482570.0	5204417.0	0.000654020274907256
2888829.0	519413.0	0.0018396088772488334
4558489.0	2888829.0	0.0018396088772488334
1221792.0	519413.0	0.001226405896405595
4558489.0	1221792.0	0.001226405896405595
1530657.0	2533926.0	0.0004344789702410243
2698507.0	1530657.0	0.0004344789702410243
726938.0	2533926.0	0.0008689578268689463
2698507.0	726938.0	0.0008689578268689463
278996.0	2533926.0	0.0008689580715721433
2698507.0	278996.0	0.0008689580715721433
1343690.0	2533926.0	2.5431679906515875e-09
2698507.0	1343690.0	2.5431679906515875e-09
1206267.0	543770.0	0.0005549784352070161
2334352.0	1206267.0	0.0005549784352070161
4400344.0	543770.0	0.0005549784352070161
2334352.0	4400344.0	0.0005549784352070161
3308529.0	543770.0	0.0005549784352070161
2334352.0	3308529.0	0.0005549784352070161
2224331.0	5506010.0	4.771075749754328e-09
4919737.0	2224331.0	4.771075749754328e-09
2150483.0	995579.0	0.000965542310682069
3296860.0	2150483.0	0.000965542310682069
1860772.0	995579.0	0.000965542310682069
3296860.0	1860772.0	0.000965542310682069
1253312.0	995579.0	1.1329692544380376e-10
3296860.0	1253312.0	1.1329692544380376e-10
815386.0	1046010.0	0.0015422707218540363
495248.0	815386.0	0.0015422707218540363
1015448.0	1046010.0	0.0023134083652054218
495248.0	1015448.0	0.0023134083652054218
733287.0	1046010.0	0.0015422711003948133
495248.0	733287.0	0.0015422711003948133
1083946.0	1046010.0	0.00231340807441767
495248.0	1083946.0	0.00231340807441767
462627.0	1668533.0	0.0005132429824565695
2391964.0	462627.0	0.0005132429824565695
1405921.0	733287.0	0.0027934661516031767
4456012.0	1405921.0	0.0027934661516031767
3189239.0	2333214.0	0.00048294402742293747
2465787.0	3189239.0	0.00048294402742293747
1875256.0	2333214.0	0.00048294411380593144
2465787.0	1875256.0	0.00048294411380593144
956397.0	2333214.0	0.00048294409490965415
2465787.0	956397.0	0.00048294409490965415
1719752.0	2333214.0	0.0009658872180097466
2465787.0	1719752.0	0.0009658872180097466
3085310.0	2333214.0	0.0009658872180097466
2465787.0	3085310.0	0.0009658872180097466
1826691.0	147992.0	0.0006285617641418716
636065.0	1826691.0	0.0006285617641418716
631771.0	147992.0	0.0006285617641418716
636065.0	631771.0	0.0006285617641418716
115563.0	147992.0	0.0006285617641418716
636065.0	115563.0	0.0006285617641418716
183471.0	147992.0	0.0006285617641418716
636065.0	183471.0	0.0006285617641418716
3698937.0	2885137.0	0.0005788362987699748
2696460.0	3698937.0	0.0005788362987699748
4659374.0	2885137.0	0.0011576705267468948
2696460.0	4659374.0	0.0011576705267468948
2618725.0	2885137.0	0.0011576705267468948
2696460.0	2618725.0	0.0011576705267468948
2928293.0	2885137.0	0.0011576705267468948
2696460.0	2928293.0	0.0011576705267468948
4037707.0	1428679.0	0.003697784792033381
4989863.0	4037707.0	0.003697784792033381
973552.0	1428679.0	0.003697784792033381
4989863.0	973552.0	0.003697784792033381
1631190.0	1428679.0	0.0024651895887976673
4989863.0	1631190.0	0.0024651895887976673
959664.0	397861.0	0.0026065501528454655
1409399.0	959664.0	0.0026065501528454655
1403814.0	397861.0	0.0022341858372720864
1409399.0	1403814.0	0.0022341858372720864
1124578.0	397861.0	0.0026065501528454655
1409399.0	1124578.0	0.0026065501528454655
1430648.0	397861.0	0.0026065501528454655
1409399.0	1430648.0	0.0026065501528454655
1013219.0	1206267.0	0.0041701788380117955
3846091.0	1013219.0	0.0041701788380117955
3747630.0	1172798.0	0.0007036059877314571
5661795.0	3747630.0	0.0007036059877314571
2649661.0	1172798.0	0.0007036059877314571
5661795.0	2649661.0	0.0007036059877314571
5686794.0	1172798.0	0.0007036059877314571
5661795.0	5686794.0	0.0007036059877314571
1817690.0	2310289.0	0.0004570671901187093
2503750.0	1817690.0	0.0004570671901187093
1453833.0	1561269.0	0.0013729042127202597
2658226.0	1453833.0	0.0013729042127202597
3093731.0	1561269.0	0.0013729042127202597
2658226.0	3093731.0	0.0013729042127202597
2677022.0	1561269.0	0.0013729042127202597
2658226.0	2677022.0	0.0013729042127202597
2280505.0	1906356.0	8.504879375390538e-08
6679425.0	2280505.0	8.504879375390538e-08
673125.0	2292736.0	0.0004133169303475637
2280128.0	673125.0	0.0004133169303475637
2320202.0	2292736.0	0.0004133169303475637
2280128.0	2320202.0	0.0004133169303475637
1414562.0	2292736.0	0.0004133169303475637
2280128.0	1414562.0	0.0004133169303475637
5104748.0	1586174.0	0.005301938037560926
7402075.0	5104748.0	0.005301938037560926
5180406.0	1586174.0	0.00795306665506945
7402075.0	5180406.0	0.00795306665506945
995579.0	118068.0	0.00042836933690942614
2508465.0	995579.0	0.00042836933690942614
1529853.0	118068.0	0.0012851111519159351
2508465.0	1529853.0	0.0012851111519159351
1301994.0	965051.0	0.0005378252773920101
4127254.0	1301994.0	0.0005378252773920101
4452553.0	1175966.0	8.092053921577615e-09
6811846.0	4452553.0	8.092053921577615e-09
5921745.0	1175966.0	8.678054063001282e-09
6811846.0	5921745.0	8.678054063001282e-09
5615145.0	1906356.0	7.646720579001023e-09
5667029.0	5615145.0	7.646720579001023e-09
4688597.0	1906356.0	1.5510499475936135e-08
5667029.0	4688597.0	1.5510499475936135e-08
1573683.0	235710.0	0.0008211291400658592
1690461.0	1573683.0	0.0008211291400658592
795995.0	1317805.0	0.00043056490185572056
2637317.0	795995.0	0.00043056490185572056
23051.0	1317805.0	0.00043056493404080713
2637317.0	23051.0	0.00043056493404080713
1414562.0	1317805.0	1.544884086109033e-10
2637317.0	1414562.0	1.544884086109033e-10
1905624.0	2008111.0	0.001400822927599368
2008111.0	1905624.0	0.001400822927599368
1544977.0	2008111.0	0.0018677617870687508
2008111.0	1544977.0	0.0018677617870687508
686490.0	2008111.0	0.0014008230487281691
2008111.0	686490.0	0.0014008230487281691
505216.0	2008111.0	0.0018677617870687508
2008111.0	505216.0	0.0018677617870687508
3202149.0	2008111.0	0.0014008237679291311
2008111.0	3202149.0	0.0014008237679291311
2814611.0	2008111.0	0.0014008242019721484
2008111.0	2814611.0	0.0014008242019721484
6787580.0	1306401.0	0.005729590115109461
1834618.0	6787580.0	0.005729590115109461
96944.0	1306401.0	0.005674180139159188
1834618.0	96944.0	0.005674180139159188
359226.0	1306401.0	0.006484794025401828
1834618.0	359226.0	0.006484794025401828
521631.0	1306401.0	0.008105994898809617
1834618.0	521631.0	0.008105994898809617
118068.0	1306401.0	0.006484797014166176
1834618.0	118068.0	0.006484797014166176
476074.0	1707160.0	0.0015500439154852953
1553293.0	476074.0	0.0015500439154852953
189431.0	1707160.0	0.00038776693383116116
1553293.0	189431.0	0.00038776693383116116
1529853.0	1707160.0	0.0015500437008792163
1553293.0	1529853.0	0.0015500437008792163
2887034.0	1239808.0	0.007145359426629888
2885137.0	2887034.0	0.007145359426629888
557702.0	1239808.0	0.007591941361127362
2885137.0	557702.0	0.007591941361127362
829533.0	1239808.0	0.008038528858671082
2885137.0	829533.0	0.008038528858671082
189134.0	1239808.0	0.008038528895604125
2885137.0	189134.0	0.008038528895604125
853360.0	1239808.0	0.008038528923303905
2885137.0	853360.0	0.008038528923303905
2842425.0	1239808.0	0.008038529034103013
2885137.0	2842425.0	0.008038529034103013
1109988.0	1239808.0	0.008038529237234636
2885137.0	1109988.0	0.008038529237234636
2281770.0	14104.0	0.0004427624986619786
2722799.0	2281770.0	0.0004427624986619786
2775931.0	14104.0	7.237988519626613e-10
2722799.0	2775931.0	7.237988519626613e-10
1788218.0	14104.0	0.0004427624986619786
2722799.0	1788218.0	0.0004427624986619786
3385827.0	1476529.0	0.0005934356507050045
2553747.0	3385827.0	0.0005934356507050045
897320.0	295783.0	0.0009343005602633823
3129498.0	897320.0	0.0009343005602633823
7450125.0	3385827.0	7.682867384818659e-10
7109475.0	7450125.0	7.682867384818659e-10
497418.0	114251.0	0.0019315074193963144
3513466.0	497418.0	0.0019315074193963144
3508956.0	114251.0	0.0019315074193963144
3513466.0	3508956.0	0.0019315074193963144
2580950.0	114251.0	0.0014486309261764513
3513466.0	2580950.0	0.0014486309261764513
657200.0	114251.0	0.0019315074193963144
3513466.0	657200.0	0.0019315074193963144
4928573.0	1011527.0	0.0035094713241332768
7033012.0	4928573.0	0.0035094713241332768
3653350.0	1298762.0	0.0009854911084995414
1379286.0	3653350.0	0.0009854911084995414
3777524.0	2801559.0	0.001075052383649684
7973076.0	3777524.0	0.001075052383649684
3481618.0	5816907.0	0.0021177127569817133
3224142.0	3481618.0	0.0021177127569817133
640043.0	5816907.0	0.0007059237803737246
3224142.0	640043.0	0.0007059237803737246
3482570.0	5816907.0	0.0021177127569817133
3224142.0	3482570.0	0.0021177127569817133
2425135.0	5816907.0	0.00141183159645065
3224142.0	2425135.0	0.00141183159645065
1722028.0	1496715.0	0.0034038014395217447
4054031.0	1722028.0	0.0034038014395217447
1438265.0	1496715.0	0.0034038014395217447
4054031.0	1438265.0	0.0034038014395217447
3807594.0	1496715.0	0.002836501844004822
4054031.0	3807594.0	0.002836501844004822
9314803.0	2815635.0	0.011135336820731503
12000271.0	9314803.0	0.011135336820731503
10831557.0	2815635.0	0.011135336820731503
12000271.0	10831557.0	0.011135336820731503
2334592.0	3126629.0	2.0439523492569306e-08
4721666.0	2334592.0	2.0439523492569306e-08
2602732.0	3126629.0	0.0007499517949978255
4721666.0	2602732.0	0.0007499517949978255
2801559.0	5924412.0	0.0008156109848287366
6661154.0	2801559.0	0.0008156109848287366
5240125.0	4258081.0	0.0006417008649130385
3716233.0	5240125.0	0.0006417008649130385
2893024.0	4258081.0	0.0006417008649130385
3716233.0	2893024.0	0.0006417008649130385
1389556.0	1353011.0	0.001407786275739491
1136379.0	1389556.0	0.001407786275739491
2156913.0	1353011.0	0.0014078635393691289
1136379.0	2156913.0	0.0014078635393691289
2055212.0	1353011.0	0.0018796702160114615
1136379.0	2055212.0	0.0018796702160114615
2571870.0	1353011.0	0.0018796702160114615
1136379.0	2571870.0	0.0018796702160114615
2053683.0	1353011.0	0.0018796702160114615
1136379.0	2053683.0	0.0018796702160114615
493958.0	1353011.0	0.00046991799871471947
1136379.0	493958.0	0.00046991799871471947
4918811.0	1655981.0	0.000669023706543048
5349466.0	4918811.0	0.000669023706543048
1679187.0	1573683.0	0.0008245491854596515
1068249.0	1679187.0	0.0008245491854596515
2107581.0	1573683.0	0.0012368230404727486
1068249.0	2107581.0	0.0012368230404727486
2293836.0	1573683.0	0.0012368230404727486
1068249.0	2293836.0	0.0012368230404727486
1418118.0	1353011.0	0.00039631509569897745
1559953.0	1418118.0	0.00039631509569897745
267593.0	1353011.0	9.03489034943198e-10
1559953.0	267593.0	9.03489034943198e-10
790224.0	1353011.0	0.00039631509569897745
1559953.0	790224.0	0.00039631509569897745
1587858.0	1353011.0	0.00039631509569897745
1559953.0	1587858.0	0.00039631509569897745
1263783.0	1353011.0	0.00039631509569897745
1559953.0	1263783.0	0.00039631509569897745
467164.0	204701.0	0.0003772501946426825
1482542.0	467164.0	0.0003772501946426825
1090438.0	328193.0	9.367738618235727e-10
2253489.0	1090438.0	9.367738618235727e-10
6293599.0	328193.0	0.0008656898025643275
2253489.0	6293599.0	0.0008656898025643275
6601395.0	2801559.0	0.0008064400227045331
4035296.0	6601395.0	0.0008064400227045331
3612883.0	3385827.0	0.0012545240022729088
2896741.0	3612883.0	0.0012545240022729088
114584.0	157247.0	0.0005717909595216551
291724.0	114584.0	0.0005717909595216551
2464144.0	1553888.0	0.00429051850916258
9194228.0	2464144.0	0.00429051850916258
1011527.0	1553888.0	2.367257102148246e-10
9194228.0	1011527.0	2.367257102148246e-10
3698198.0	2057112.0	0.0020347513779018166
3851577.0	3698198.0	0.0020347513779018166
4337665.0	418965.0	0.0005628338206808506
3852314.0	4337665.0	0.0005628338206808506
1139637.0	1300194.0	0.0014214743286054138
2202284.0	1139637.0	0.0014214743286054138
2687790.0	1300194.0	0.0004533355799246335
2202284.0	2687790.0	0.0004533355799246335
1205043.0	1300194.0	0.0009373967461742709
2202284.0	1205043.0	0.0009373967461742709
1569591.0	1300194.0	0.0009373967461742709
2202284.0	1569591.0	0.0009373967461742709
19068.0	1300194.0	0.0009373967461742709
2202284.0	19068.0	0.0009373967461742709
1111013.0	1300194.0	0.0018747924549805776
2202284.0	1111013.0	0.0018747924549805776
1403947.0	1338292.0	0.0007256978658866748
1351226.0	1403947.0	0.0007256978658866748
482158.0	1338292.0	0.0007256978658866748
1351226.0	482158.0	0.0007256978658866748
572939.0	61605.0	0.00035556732620326085
1197747.0	572939.0	0.00035556732620326085
397861.0	61605.0	0.00035556732620326085
1197747.0	397861.0	0.00035556732620326085
995579.0	61605.0	0.00035556732620326085
1197747.0	995579.0	0.00035556732620326085
1262248.0	4281779.0	0.0007959190227531934
3632340.0	1262248.0	0.0007959190227531934
3540698.0	114251.0	0.0005348123212716345
982124.0	3540698.0	0.0005348123212716345
240443.0	114251.0	0.0005348123212716345
982124.0	240443.0	0.0005348123212716345
3558960.0	114251.0	0.0005348123212716345
982124.0	3558960.0	0.0005348123212716345
1227200.0	2373138.0	0.003951296655554969
1684125.0	1227200.0	0.003951296655554969
1957251.0	2373138.0	0.003512264211395316
1684125.0	1957251.0	0.003512264211395316
2261259.0	2373138.0	0.0008780701554721168
1684125.0	2261259.0	0.0008780701554721168
4813629.0	3859027.0	0.0035931598189884017
2694184.0	4813629.0	0.0035931598189884017
2401175.0	3859027.0	0.0035931573865816586
2694184.0	2401175.0	0.0035931573865816586
14104.0	3305976.0	5.093051585938063e-10
3086930.0	14104.0	5.093051585938063e-10
4248328.0	8062560.0	0.0021989880088738754
7827958.0	4248328.0	0.0021989880088738754
1682190.0	8062560.0	0.003298477368082639
7827958.0	1682190.0	0.003298477368082639
3698198.0	2472111.0	0.0005076698193276363
975199.0	3698198.0	0.0005076698193276363
3711988.0	686490.0	1.6790064554829398e-08
7039954.0	3711988.0	1.6790064554829398e-08
965051.0	57318.0	0.0007685711310959876
1772368.0	965051.0	0.0007685711310959876
1545939.0	57318.0	0.0015371506699031643
1772368.0	1545939.0	0.0015371506699031643
1144837.0	965051.0	0.0013658860268514817
546509.0	1144837.0	0.0013658860268514817
1506980.0	965051.0	0.0013658865666789975
546509.0	1506980.0	0.0013658865666789975
2624986.0	965051.0	0.001365886585872841
546509.0	2624986.0	0.001365886585872841
3326275.0	1087195.0	0.000531196354125052
1383702.0	3326275.0	0.000531196354125052
1011527.0	1087195.0	0.001062393172001397
1383702.0	1011527.0	0.001062393172001397
462627.0	1405921.0	0.0006841631696316902
4165514.0	462627.0	0.0006841631696316902
3603681.0	1405921.0	0.0006841631696316902
4165514.0	3603681.0	0.0006841631696316902
562483.0	157247.0	0.001226757076471312
559032.0	562483.0	0.001226757076471312
185532.0	157247.0	0.001226757076471312
559032.0	185532.0	0.001226757076471312
328699.0	157247.0	0.0018401353686749188
559032.0	328699.0	0.0018401353686749188
3037236.0	1906356.0	0.0017259180119116797
6777880.0	3037236.0	0.0017259180119116797
1490287.0	1906356.0	0.0017259180119116797
6777880.0	1490287.0	0.0017259180119116797
4373100.0	6876418.0	3.793952528616945e-08
11199969.0	4373100.0	3.793952528616945e-08
1059101.0	6532189.0	0.000981634183813018
3161484.0	1059101.0	0.000981634183813018
7574108.0	6532189.0	0.000981634183813018
3161484.0	7574108.0	0.000981634183813018
1430856.0	6532189.0	0.000981634183813018
3161484.0	1430856.0	0.000981634183813018
2943218.0	6532189.0	1.12530900004109e-08
3161484.0	2943218.0	1.12530900004109e-08
5644787.0	7563953.0	0.0019492175855240687
5930816.0	5644787.0	0.0019492175855240687
3155675.0	7563953.0	0.0019492175855240687
5930816.0	3155675.0	0.0019492175855240687
511529.0	1491895.0	0.0016499171982113617
3740256.0	511529.0	0.0016499171982113617
1235074.0	1011527.0	0.00293681920355613
7598701.0	1235074.0	0.00293681920355613
1428972.0	5466788.0	0.013553593581167783
5413974.0	1428972.0	0.013553593581167783
11210545.0	5466788.0	0.013553593581167783
5413974.0	11210545.0	0.013553593581167783
11210190.0	5466788.0	0.013553593581167783
5413974.0	11210190.0	0.013553593581167783
3288220.0	5466788.0	0.012875912392535103
5413974.0	3288220.0	0.012875912392535103
290326.0	5466788.0	0.008809837464898797
5413974.0	290326.0	0.008809837464898797
6693915.0	1011527.0	0.002269082428829854
7131052.0	6693915.0	0.002269082428829854
3678901.0	2518525.0	0.0009936461917353333
3700056.0	3678901.0	0.0009936461917353333
5176202.0	1906356.0	0.0007342955669885377
5904458.0	5176202.0	0.0007342955669885377
4765745.0	1906356.0	0.0014686152863864997
5904458.0	4765745.0	0.0014686152863864997
4772989.0	1906356.0	0.0014686152863864997
5904458.0	4772989.0	0.0014686152863864997
6392431.0	4281779.0	0.0041548973864051755
8910194.0	6392431.0	0.0041548973864051755
572827.0	157247.0	0.0014270168650100813
3140335.0	572827.0	0.0014270168650100813
2402943.0	157247.0	0.0009513466079931934
3140335.0	2402943.0	0.0009513466079931934
2042748.0	157247.0	0.0014270179439595711
3140335.0	2042748.0	0.0014270179439595711
3515127.0	1512940.0	0.006278466603485502
1032593.0	3515127.0	0.006278466603485502
3445573.0	1512940.0	0.004829588318168364
1032593.0	3445573.0	0.004829588318168364
2915384.0	1512940.0	0.006278466603485502
1032593.0	2915384.0	0.006278466603485502
754015.0	1512940.0	0.006278466603485502
1032593.0	754015.0	0.006278466603485502
6579138.0	5921745.0	0.0010091772433510784
2817437.0	6579138.0	0.0010091772433510784
3515379.0	551841.0	0.0009696842105449876
3531238.0	3515379.0	0.0009696842105449876
1817690.0	551841.0	0.0009696842105449876
3531238.0	1817690.0	0.0009696842105449876
135121.0	183471.0	0.001569399774809899
636065.0	135121.0	0.001569399774809899
283366.0	183471.0	0.0012555196077547613
636065.0	283366.0	0.0012555196077547613
4977144.0	2687790.0	1.12126295802404e-09
1869730.0	4977144.0	1.12126295802404e-09
3386807.0	747355.0	0.0014703487359733218
706697.0	3386807.0	0.0014703487359733218
2206064.0	747355.0	0.0014703487359733218
706697.0	2206064.0	0.0014703487359733218
2020565.0	747355.0	0.00073363980767787
706697.0	2020565.0	0.00073363980767787
3561864.0	747355.0	2.5171987547969663e-08
706697.0	3561864.0	2.5171987547969663e-08
1491895.0	1172606.0	0.0014098064895499926
3259283.0	1491895.0	0.0014098064895499926
417806.0	1172606.0	0.0009398711080538058
3259283.0	417806.0	0.0009398711080538058
1878295.0	240443.0	0.0004719297141053692
3256623.0	1878295.0	0.0004719297141053692
991275.0	2770274.0	0.0009334662969258503
1897974.0	991275.0	0.0009334662969258503
4118983.0	1011527.0	0.002512088740815321
4212356.0	4118983.0	0.002512088740815321
4241030.0	1011527.0	0.002512088740815321
4212356.0	4241030.0	0.002512088740815321
1829499.0	8543056.0	0.0016165026430579503
9578024.0	1829499.0	0.0016165026430579503
4057622.0	8543056.0	0.0016165026430579503
9578024.0	4057622.0	0.0016165026430579503
5060349.0	8543056.0	0.0016165026430579503
9578024.0	5060349.0	0.0016165026430579503
1624960.0	1664501.0	9.38300104931164e-12
2793065.0	1624960.0	9.38300104931164e-12
965051.0	1664501.0	3.5186251915592104e-11
2793065.0	965051.0	3.5186251915592104e-11
4813369.0	5932444.0	0.000717931157143098
5930816.0	4813369.0	0.000717931157143098
3295715.0	5932444.0	0.000717931157143098
5930816.0	3295715.0	0.000717931157143098
3977560.0	5932444.0	2.5877658451050733e-07
5930816.0	3977560.0	2.5877658451050733e-07
2605183.0	2151050.0	0.0013686059870700886
3011784.0	2605183.0	0.0013686059870700886
1678924.0	2151050.0	0.0013686059870700886
3011784.0	1678924.0	0.0013686059870700886
4859669.0	2151050.0	0.0013686059870700886
3011784.0	4859669.0	0.0013686059870700886
4830296.0	1175966.0	0.001343527184868612
2877123.0	4830296.0	0.001343527184868612
60223.0	678801.0	0.0007398076255045778
1417988.0	60223.0	0.0007398076255045778
1479432.0	678801.0	0.001109710082632127
1417988.0	1479432.0	0.001109710082632127
691156.0	678801.0	0.0014796153586985367
1417988.0	691156.0	0.0014796153586985367
